{
 "C:\\WINDOWS\\System32\\drivers\\etc\\hosts": {
  "hash": "2d6bdfb341be3a6234b24742377f93aa7c7cfb0d9fd64efa9282c87852e57085",
  "size": 824,
  "mtime": 1711956245.8399856
 },
 "C:\\WINDOWS\\System32\\drivers\\etc\\networks": {
  "hash": "21de93ed8293dbb9c53b59a5c1af04b1fd997cf7dfbd0ba5f21cb315d845b7a8",
  "size": 407,
  "mtime": 1711956245.8399856
 },
 "C:\\WINDOWS\\System32\\drivers\\etc\\protocol": {
  "hash": "52cf86496f3859d0f3e58776eccff1d6589792004d2291d3b0ce8d7635be7278",
  "size": 1358,
  "mtime": 1711956245.8399856
 },
 "C:\\WINDOWS\\System32\\drivers\\etc\\services": {
  "hash": "c1723f7f29b224c42f26452c3efa8f80f6ee8500ee78513e0c0732ba55399f7d",
  "size": 17635,
  "mtime": 1711956245.8399856
 },
 "C:\\WINDOWS\\System32\\config\\BCD-Template": {
  "hash": "abe63bd659f11e61cfd40c8c1f6717c7a3f904e7926b157d335ca09cc8dead99",
  "size": 28672,
  "mtime": 1768032371.2693653
 },
 "C:\\WINDOWS\\System32\\config\\COMPONENTS": {
  "hash": "eaecdc6025bfdcc47de17b947784d9c7d8daacbc3d9edbc5060bd50d9cef6948",
  "size": 50069504,
  "mtime": 1774134213.510887
 },
 "C:\\WINDOWS\\System32\\config\\DRIVERS": {
  "hash": "fdcf14931533e588e1e0a7279a36c873915b49758a435594af9f70470cee63e1",
  "size": 8994816,
  "mtime": 1774185205.2022934
 },
 "C:\\WINDOWS\\System32\\config\\ELAM": {
  "hash": "60b9f06ecf86d827a654a438bfab0e78ea38c874e160fac935a7b2d353147bd2",
  "size": 8192,
  "mtime": 1711956076.4031763
 },
 "C:\\WINDOWS\\System32\\config\\userdiff": {
  "hash": "43336f9cfef3992e85dbc4693731fa51fabc7d63e83609515d5bfcb6f535b699",
  "size": 8192,
  "mtime": 1768032349.2940874
 },
 "C:\\WINDOWS\\System32\\config\\VSMIDK": {
  "hash": "4cce60da022ae15b642145eadf4efa66f899e47b86ad9f159b1ca6757675592f",
  "size": 1623,
  "mtime": 1773586491.7374983
 },
 "C:\\Users\\sxc_2\\OneDrive\\Desktop\\Netguardpro\\sudo netgarde\\netguard-pro-3.0.0\\sentinel\\agent_bus.py": {
  "hash": "21f6d757211b95df7622b5f4be048b84eb3686c7f130a0213769b84c99d520ae",
  "size": 9064,
  "mtime": 1774188228.6227703
 },
 "C:\\Users\\sxc_2\\OneDrive\\Desktop\\Netguardpro\\sudo netgarde\\netguard-pro-3.0.0\\sentinel\\alert_manager.py": {
  "hash": "7fa342bbbc64fa9cd4e48d19f04f07a3fe9aa29459b8f0b0b0f2f7917da46082",
  "size": 10483,
  "mtime": 1774190924.5315032
 },
 "C:\\Users\\sxc_2\\OneDrive\\Desktop\\Netguardpro\\sudo netgarde\\netguard-pro-3.0.0\\sentinel\\cortex.py": {
  "hash": "75857cbfccb76bc1693fc3e50483a4f3b8c930892eefa44b40e0dc6586e88518",
  "size": 86167,
  "mtime": 1774192514.4459784
 },
 "C:\\Users\\sxc_2\\OneDrive\\Desktop\\Netguardpro\\sudo netgarde\\netguard-pro-3.0.0\\sentinel\\playbook_engine.py": {
  "hash": "3d0f27c981de857c683a504f9f22ea3ed35550a45f1b7c2b512f24aa54406374",
  "size": 15117,
  "mtime": 1774190718.0913455
 },
 "C:\\Users\\sxc_2\\OneDrive\\Desktop\\Netguardpro\\sudo netgarde\\netguard-pro-3.0.0\\sentinel\\sentinel_dashboard.html": {
  "hash": "d7c9f4decd97ddb5a011074757f979f54aa0dec25bf00071789e49e270d67860",
  "size": 102999,
  "mtime": 1774191589.513147
 },
 "C:\\Users\\sxc_2\\OneDrive\\Desktop\\Netguardpro\\sudo netgarde\\netguard-pro-3.0.0\\sentinel\\sentinel_settings.json": {
  "hash": "40cd0f335b2f6e807493334e1e2e43242bc585a235285842b0b8f162589118dd",
  "size": 179,
  "mtime": 1774188877.6425316
 },
 "C:\\Users\\sxc_2\\OneDrive\\Desktop\\Netguardpro\\sudo netgarde\\netguard-pro-3.0.0\\sentinel\\threat_intel.py": {
  "hash": "3eb3ef6bb5d46e3098664e709c8e0134555f1a572ff2d7dd9c5f308a86f1bc12",
  "size": 9463,
  "mtime": 1774190755.803508
 },
 "C:\\Users\\sxc_2\\OneDrive\\Desktop\\Netguardpro\\sudo netgarde\\netguard-pro-3.0.0\\netguard.py": {
  "hash": "544294d25d431657517a3e5028e4639308b33fafefac9ebe2bf228309c086458",
  "size": 198631,
  "mtime": 1774180948.3459773
 }
}